2112,1,1,22,45,28,"None",A,0,12,23614.0,  0.0, 0.00,"Fail - Test Pres High"
2112,1,1,0,0,9,"None",A,0,12,23614.0,  0.0, 0.00,"Fail - Test Pres High"
2112,1,1,0,0,25,"None",A,0,12,23614.0,  0.0, 0.00,"Fail - Test Pres High"
2112,1,1,0,1,16,"None",A,0,12,23614.0,  0.0, 0.00,"Fail - Test Pres High"
2112,1,1,0,1,55,"None",A,0,12,23614.0,  0.0, 0.00,"Fail - Test Pres High"
2112,1,1,0,2,28,"None",A,0,12,23614.0,  0.0, 0.00,"Fail - Test Pres High"
2112,1,1,0,2,40,"None",A,0,12,23614.0,  0.0, 0.00,"Fail - Test Pres High"
2112,1,1,0,4,20,"None",A,0,12,23614.0,  0.0, 0.00,"Fail - Test Pres High"
2112,1,1,0,4,33,"None",A,0,12,23614.0,  0.0, 0.00,"Fail - Test Pres High"
2112,1,1,0,13,25,"None",A,0,12,23614.0,  0.0, 0.00,"Fail - Test Pres High"
2112,1,1,0,16,44,"None",A,0,11,23614.0,  0.0, 0.00,"Test Reset"
2112,1,1,0,16,55,"None",A,0,12,23614.0,  0.0, 0.00,"Fail - Test Pres High"
2112,1,1,0,17,37,"None",A,1,11,23614.0,  0.0, 0.00,"Test Reset"
2112,1,1,0,18,45,"None",A,0,11,23614.0,  0.0, 0.00,"Test Reset"
2112,1,1,0,19,20,"None",A,0,12,23614.0,  0.0, 0.00,"Fail - Test Pres High"
2112,1,1,0,19,50,"None",A,0,12,23614.0,  0.0, 0.00,"Fail - Test Pres High"
2112,1,1,0,20,59,"None",A,0,12,23614.0,  0.0, 0.00,"Fail - Test Pres High"
2112,1,1,0,24,7,"None",A,0,11,23614.0,  0.0, 0.00,"Test Reset"
2112,1,1,0,32,18,"None",A,0,12,23614.0,  0.0, 0.00,"Fail - Test Pres High"
2112,1,1,0,36,2,"None",A,0,12,23614.0,  0.0, 0.00,"Fail - Test Pres High"
2112,1,1,0,36,16,"None",A,0,12,23614.0,  0.0, 0.00,"Fail - Test Pres High"
2112,1,1,0,36,27,"None",A,0,12,23614.0,  0.0, 0.00,"Fail - Test Pres High"
2112,1,1,0,38,28,"None",A,0,12,23614.0,  0.0, 0.00,"Fail - Test Pres High"
2112,1,1,0,43,11,"None",A,0,12,23614.0,  0.0, 0.00,"Fail - Test Pres High"
2112,1,1,0,44,36,"None",A,0,12,23614.0,  0.0, 0.00,"Fail - Test Pres High"
2112,1,1,17,26,18,"None",A,0,12,23614.0,  0.0, 0.00,"Fail - Test Pres High"
2112,1,1,19,11,58,"None",A,0,12,23614.0,  0.0, 0.00,"Fail - Test Pres High"
2112,1,1,19,12,46,"None",A,1,12,23614.0,  0.0, 0.00,"Fail - Test Pres High"
2112,1,1,19,14,11,"None",A,1,12,23614.0,  0.0, 0.00,"Fail - Test Pres High"
2112,1,1,19,14,56,"None",A,1,12,23614.0,  0.0, 0.00,"Fail - Test Pres High"
2112,1,1,19,15,59,"None",A,1,12,23614.0,  0.0, 0.00,"Fail - Test Pres High"
2112,1,1,19,16,39,"None",A,1,12,23614.0,  0.0, 0.00,"Fail - Test Pres High"
2112,1,1,19,22,5,"None",A,1,12,23614.0,  0.0, 0.00,"Fail - Test Pres High"
2112,1,1,19,22,43,"None",A,1,12,23614.0,  0.0, 0.00,"Fail - Test Pres High"
2112,1,1,19,23,10,"None",A,1,12,23614.0,  0.0, 0.00,"Fail - Test Pres High"
2112,1,1,19,23,53,"None",A,1,12,23614.0,  0.0, 0.00,"Fail - Test Pres High"
2112,1,1,19,24,7,"None",A,1,12,23614.0,  0.0, 0.00,"Fail - Test Pres High"
2112,1,1,19,26,31,"None",A,1,12,23614.0,  0.0, 0.00,"Fail - Test Pres High"
2112,1,1,19,34,42,"None",A,1,12,23614.0,  0.0, 0.00,"Fail - Test Pres High"
2112,1,1,19,37,2,"None",A,1,12,23614.0,  0.0, 0.00,"Fail - Test Pres High"
2112,1,1,19,43,29,"None",A,0,12,23614.0,  0.0, 0.00,"Fail - Test Pres High"
2112,1,1,19,43,55,"None",A,0,12,23614.0,  0.0, 0.00,"Fail - Test Pres High"
2112,1,1,19,45,9,"None",A,0,12,23614.0,  0.0, 0.00,"Fail - Test Pres High"
2112,1,1,19,57,0,"None",A,0,12,23614.0,  0.0, 0.00,"Fail - Test Pres High"
2112,1,1,19,57,21,"None",A,0,12,23614.0,  0.0, 0.00,"Fail - Test Pres High"
2112,1,1,19,58,46,"None",A,0,12,23614.0,  0.0, 0.00,"Fail - Test Pres High"
2112,1,1,21,42,6,"None",A,0,12,23614.0,  0.0, 0.00,"Fail - Test Pres High"
2112,1,1,21,43,16,"None",A,0,12,23614.0,  0.0, 0.00,"Fail - Test Pres High"
2112,1,1,21,43,28,"None",A,0,12,23614.0,  0.0, 0.00,"Fail - Test Pres High"
2112,1,1,21,49,12,"None",A,0,12,23614.0,  0.0, 0.00,"Fail - Test Pres High"
2112,1,1,21,49,31,"None",A,0,12,23614.0,  0.0, 0.00,"Fail - Test Pres High"
2112,1,1,21,56,22,"None",A,0,12,23614.0,  0.0, 0.00,"Fail - Test Pres High"
2112,1,1,22,2,45,"None",A,0,12,23614.0,  0.0, 0.00,"Fail - Test Pres High"
2112,1,1,22,5,1,"None",A,0,12,23614.0,  0.0, 0.00,"Fail - Test Pres High"
2112,1,1,22,6,31,"None",A,0,12,23614.0,  0.0, 0.00,"Fail - Test Pres High"
2112,1,1,22,8,12,"None",A,1,12,23614.0,  0.0, 0.00,"Fail - Test Pres High"
2112,1,1,22,30,11,"None",A,0,12,23614.0,  0.0, 0.00,"Fail - Test Pres High"
2112,1,1,22,33,46,"None",A,0,12,23614.0,  0.0, 0.00,"Fail - Test Pres High"
2112,1,1,22,34,9,"None",A,0,12,23614.0,  0.0, 0.00,"Fail - Test Pres High"
2112,1,1,22,43,3,"None",A,0,12,23614.0,  0.0, 0.00,"Fail - Test Pres High"
2112,1,1,22,56,22,"None",A,0,12,23614.0,  0.0, 0.00,"Fail - Test Pres High"
2112,1,1,22,57,36,"None",A,0,12,23614.0,  0.0, 0.00,"Fail - Test Pres High"
2112,1,1,23,2,48,"None",A,0,12,23614.0,  0.0, 0.00,"Fail - Test Pres High"
2112,1,1,23,12,19,"None",A,0,12,23614.0,  0.0, 0.00,"Fail - Test Pres High"
2112,1,1,23,19,32,"None",A,0,12,23614.0,  0.0, 0.00,"Fail - Test Pres High"
2112,1,1,23,28,36,"None",A,0,12,23614.0,  0.0, 0.00,"Fail - Test Pres High"
2112,1,1,23,32,58,"None",A,0,12,23614.0,  0.0, 0.00,"Fail - Test Pres High"
2112,1,1,23,36,44,"None",A,0,12,23614.0,  0.0, 0.00,"Fail - Test Pres High"
2112,1,1,0,0,27,"None",A,0,12,23614.0,  0.0, 0.00,"Fail - Test Pres High"
2112,1,1,0,0,58,"None",A,0,12,23614.0,  0.0, 0.00,"Fail - Test Pres High"
2112,1,1,0,6,16,"None",A,0,12,23614.0,  0.0, 0.00,"Fail - Test Pres High"
2112,1,1,0,9,3,"None",A,0,12,23614.0,  0.0, 0.00,"Fail - Test Pres High"
2112,1,1,0,0,33,"None",A,0,12,23614.0,  0.0, 0.00,"Fail - Test Pres High"
2112,1,1,0,1,16,"None",A,0,12,23614.0,  0.0, 0.00,"Fail - Test Pres High"
2112,1,1,0,2,28,"None",A,0,12,23614.0,  0.0, 0.00,"Fail - Test Pres High"
2112,1,1,0,3,22,"None",A,0,12,23614.0,  0.0, 0.00,"Fail - Test Pres High"
2112,1,1,0,9,0,"None",A,0,12,23614.0,  0.0, 0.00,"Fail - Test Pres High"
2112,1,1,0,0,58,"None",A,0,12,23614.0,  0.0, 0.00,"Fail - Test Pres High"
2112,1,1,0,1,49,"None",A,0,12,23614.0,  0.0, 0.00,"Fail - Test Pres High"
2112,1,1,0,17,13,"None",A,0,12,23614.0,  0.0, 0.00,"Fail - Test Pres High"
2112,1,1,16,12,27,"None",A,0,12,23614.0,  0.0, 0.00,"Fail - Test Pres High"
2112,1,1,0,0,30,"None",A,0,12,23614.0,  0.0, 0.00,"Fail - Test Pres High"
2112,1,1,0,2,19,"None",A,0,12,23614.0,  0.0, 0.00,"Fail - Test Pres High"
2112,1,1,0,2,52,"None",A,0,12,23614.0,  0.0, 0.00,"Fail - Test Pres High"
2112,1,1,0,3,57,"None",A,0,12,23614.0,  0.0, 0.00,"Fail - Test Pres High"
2112,1,1,0,0,13,"None",A,0,12,23614.0,  0.0, 0.00,"Fail - Test Pres High"
2112,1,1,0,4,3,"None",A,0,12,23614.0,  0.0, 0.00,"Fail - Test Pres High"
2112,1,1,0,0,8,"None",A,1,12,23614.0,  0.0, 0.00,"Fail - Test Pres High"
2112,1,1,0,0,17,"None",A,1,12,23614.0,  0.0, 0.00,"Fail - Test Pres High"
2112,1,1,0,0,40,"None",A,1,12,23614.0,  0.0, 0.00,"Fail - Test Pres High"
2112,1,1,0,27,20,"None",A,1,12,23614.0,  0.0, 0.00,"Fail - Test Pres High"
2112,1,1,0,27,32,"None",A,1,12,23614.0,  0.0, 0.00,"Fail - Test Pres High"
2112,1,1,0,27,47,"None",A,1,12,23614.0,  0.0, 0.00,"Fail - Test Pres High"
2112,1,1,0,9,34,"None",A,0,12,23614.0,  0.0, 0.00,"Fail - Test Pres High"
2112,1,1,0,10,17,"None",A,0,12,23614.0,  0.0, 0.00,"Fail - Test Pres High"
2112,1,1,0,0,24,"None",A,0,12,23614.0,  0.0, 0.00,"Fail - Test Pres High"
2112,1,1,0,1,52,"None",A,0,12,23614.0,  0.0, 0.00,"Fail - Test Pres High"
2112,1,1,0,3,45,"None",A,0,12,23614.0,  0.0, 0.00,"Fail - Test Pres High"
2112,1,1,0,46,41,"None",A,0,12,23614.0,  0.0, 0.00,"Fail - Test Pres High"
2112,1,1,0,46,57,"None",A,0,12,23614.0,  0.0, 0.00,"Fail - Test Pres High"
2112,1,1,0,47,11,"None",A,0,12,23614.0,  0.0, 0.00,"Fail - Test Pres High"
2112,1,1,0,47,21,"None",A,0,12,23614.0,  0.0, 0.00,"Fail - Test Pres High"
2112,1,1,0,1,0,"None",A,0,1,500.0,  6.0, 3.00,"Pass"
2112,1,1,0,1,43,"None",A,0,1,500.0,  6.0, 3.00,"Pass"
2112,1,1,0,2,13,"None",A,0,1,500.0,  6.0, 3.00,"Pass"
2112,1,1,0,6,59,"None",A,0,1,500.0,  6.0, 3.00,"Pass"
2112,1,1,3,6,25,"None",A,0,1,500.0,  6.0, 3.00,"Pass"
2112,1,1,3,20,7,"None",A,0,1,500.0,  6.0, 3.00,"Pass"
2112,1,1,4,33,52,"None",A,0,1,500.0,  6.0, 3.00,"Pass"
2112,1,1,4,34,16,"None",A,0,1,500.0,  6.0, 3.00,"Pass"
2112,1,1,0,0,12,"None",A,0,1,500.0,  6.0, 3.00,"Pass"
2112,1,1,0,12,5,"None",A,0,1,500.0,  6.0, 3.00,"Pass"
2112,1,1,0,12,46,"None",A,0,1,500.0,  6.0, 3.00,"Pass"
2112,1,1,17,47,12,"None",A,0,1,500.0,  6.0, 3.00,"Pass"
2112,1,1,17,49,7,"None",A,0,1,500.0,  6.0, 3.00,"Pass"
2112,1,1,17,53,0,"None",A,0,1,500.0,  6.0, 3.00,"Pass"
2112,1,1,18,22,8,"None",A,2,1,500.0,  6.0, 3.00,"Pass"
2112,1,1,0,0,24,"None",A,0,1,500.0,  6.0, 3.00,"Pass"
2112,1,1,0,0,56,"None",A,0,1,500.0,  6.0, 3.00,"Pass"
2112,1,1,0,1,24,"None",A,0,1,500.0,  6.0, 3.00,"Pass"
2112,1,1,0,2,1,"None",A,0,1,500.0,  6.0, 3.00,"Pass"
2112,1,1,0,3,7,"None",A,0,1,500.0,  6.0, 3.00,"Pass"
2112,1,1,0,3,39,"None",A,0,1,500.0,  6.0, 3.00,"Pass"
2112,1,1,0,4,31,"None",A,0,1,500.0,  6.0, 3.00,"Pass"
2112,1,1,0,9,28,"None",A,0,1,500.0,  6.0, 3.00,"Pass"
2112,1,1,0,9,53,"None",A,1,1,500.0,  6.0, 3.00,"Pass"
2112,1,1,0,10,16,"None",A,0,1,500.0,  6.0, 3.00,"Pass"
2112,1,1,0,10,54,"None",A,0,1,500.0,  6.0, 3.00,"Pass"
2112,1,1,0,17,2,"None",A,1,1,500.0,  6.0, 3.00,"Pass"
2112,1,1,0,17,28,"None",A,0,1,500.0,  6.0, 3.00,"Pass"
2112,1,1,0,20,0,"None",A,0,1,500.0,  6.0, 3.00,"Pass"
2112,1,1,0,20,22,"None",A,1,1,500.0,  6.0, 3.00,"Pass"
2112,1,1,0,20,39,"None",A,1,1,500.0,  6.0, 3.00,"Pass"
2112,1,1,0,20,52,"None",A,0,1,500.0,  6.0, 3.00,"Pass"
2112,1,1,0,24,14,"None",A,2,1,500.0,  6.0, 3.00,"Pass"
2112,1,1,0,0,38,"None",A,0,1,500.0,  6.0, 3.00,"Pass"
2112,1,1,0,1,1,"None",A,1,1,500.0,  6.0, 3.00,"Pass"
2112,1,1,0,0,58,"None",A,0,1,500.0,  6.0, 3.00,"Pass"
2112,1,1,0,1,18,"None",A,0,11,500.0,  0.0, 0.00,"Test Reset"
2112,1,1,0,1,53,"None",A,0,1,500.0,  6.0, 3.00,"Pass"
2112,1,1,0,4,45,"None",A,0,1,500.0,  6.0, 3.00,"Pass"
2112,1,1,0,5,5,"None",A,0,1,500.0,  6.0, 3.00,"Pass"
2112,1,1,0,0,31,"None",A,0,1,500.0,  6.0, 3.00,"Pass"
2112,1,1,0,0,53,"None",A,1,1,500.0,  6.0, 3.00,"Pass"
2112,1,1,0,1,14,"None",A,0,1,500.0,  6.0, 3.00,"Pass"
2112,1,1,0,1,45,"None",A,0,1,500.0,  6.0, 3.00,"Pass"
2112,1,1,0,2,7,"None",A,0,1,500.0,  6.0, 3.00,"Pass"
2112,1,1,0,17,31,"None",A,0,1,500.0,  6.0, 3.00,"Pass"
2112,1,1,0,17,50,"None",A,1,1,500.0,  6.0, 3.00,"Pass"
2112,1,1,0,18,10,"None",A,0,1,500.0,  6.0, 3.00,"Pass"
2112,1,1,0,18,23,"None",A,1,1,500.0,  6.0, 3.00,"Pass"
2112,1,1,0,21,45,"None",A,1,1,500.0,  6.0, 3.00,"Pass"
2112,1,1,0,22,4,"None",A,1,1,500.0,  6.0, 3.00,"Pass"
2112,1,1,0,22,32,"None",A,0,1,500.0,  6.0, 3.00,"Pass"
2112,1,1,0,23,11,"None",A,0,1,500.0,  6.0, 3.00,"Pass"
2112,1,1,0,23,32,"None",A,0,1,500.0,  6.0, 3.00,"Pass"
2112,1,1,0,23,52,"None",A,1,1,500.0,  6.0, 3.00,"Pass"
2112,1,1,0,24,8,"None",A,2,1,500.0,  6.0, 3.00,"Pass"
2112,1,1,0,24,36,"None",A,0,1,500.0,  6.0, 3.00,"Pass"
2112,1,1,0,24,57,"None",A,0,1,500.0,  6.0, 3.00,"Pass"
2112,1,1,0,25,17,"None",A,0,1,500.0,  6.0, 3.00,"Pass"
2112,1,1,0,25,37,"None",A,0,1,500.0,  6.0, 3.00,"Pass"
2112,1,1,0,26,0,"None",A,1,1,500.0,  6.0, 3.00,"Pass"
2112,1,1,0,29,54,"None",A,0,1,500.0,  6.0, 3.00,"Pass"
2112,1,1,0,30,20,"None",A,1,1,500.0,  6.0, 3.00,"Pass"
2112,1,1,0,30,43,"None",A,0,1,500.0,  6.0, 3.00,"Pass"
2112,1,1,0,32,45,"None",A,0,1,500.0,  6.0, 3.00,"Pass"
2112,1,1,0,37,54,"None",A,0,1,500.0,  6.0, 3.00,"Pass"
2112,1,1,0,44,7,"None",A,0,1,500.0,  6.0, 3.00,"Pass"
2112,1,1,0,51,33,"None",A,0,1,500.0,  6.0, 3.00,"Pass"
2112,1,1,0,52,17,"None",A,0,1,500.0,  6.0, 3.00,"Pass"
2112,1,1,1,45,45,"None",A,0,1,500.0,  6.0, 3.00,"Pass"
2112,1,1,1,46,7,"None",A,0,1,500.0,  6.0, 3.00,"Pass"
2112,1,1,1,46,39,"None",A,0,1,500.0,  6.0, 3.00,"Pass"
2112,1,1,1,52,33,"None",A,0,1,500.0,  6.0, 3.00,"Pass"
2112,1,1,2,38,49,"None",A,0,1,500.0,  6.0, 3.00,"Pass"
2112,1,1,2,39,25,"None",A,0,1,500.0,  6.0, 3.00,"Pass"
2112,1,1,2,40,11,"None",A,0,1,500.0,  6.0, 3.00,"Pass"
2112,1,1,2,51,18,"None",A,0,1,500.0,  6.0, 3.00,"Pass"
2112,1,1,3,7,37,"None",A,2,1,500.0,  6.0, 3.00,"Pass"
2112,1,1,3,8,19,"None",A,2,1,500.0,  6.0, 3.00,"Pass"
2112,1,1,3,10,34,"None",A,2,1,500.0,  6.0, 3.00,"Pass"
2112,1,1,0,0,18,"None",A,2,1,500.0,  6.0, 3.00,"Pass"
2112,1,1,0,3,27,"None",A,2,1,500.0,  6.0, 3.00,"Pass"
2112,1,1,0,6,38,"None",A,2,1,500.0,  6.0, 3.00,"Pass"
2112,1,1,21,17,8,"None",A,2,1,500.0,  6.0, 3.00,"Pass"
2112,1,1,0,0,30,"None",A,2,1,500.0,  6.0, 3.00,"Pass"
2112,1,1,0,1,33,"None",A,1,1,500.0,  6.0, 3.00,"Pass"
2112,1,1,0,1,51,"None",A,6,1,500.0,  6.0, 3.00,"Pass"
2112,1,1,0,5,3,"None",A,6,4,500.0,  0.0, 0.00,"Fail - Test Pres Low"
2112,1,1,0,6,0,"None",A,6,11,500.0,  0.0, 0.00,"Test Reset"
2112,1,1,0,6,5,"None",A,6,11,500.0,  0.0, 0.00,"Test Reset"
2112,1,1,0,6,13,"None",A,6,4,500.0,  0.0, 0.00,"Fail - Test Pres Low"
2112,1,1,0,6,23,"None",A,6,4,500.0,  0.0, 0.00,"Fail - Test Pres Low"
2112,1,1,0,6,33,"None",A,6,11,500.0,  0.0, 0.00,"Test Reset"
2112,1,1,4,21,34,"None",A,0,1,500.0,  6.0, 3.00,"Pass"
2112,1,1,4,22,10,"None",A,0,1,500.0,  6.0, 3.00,"Pass"
2112,1,1,4,23,5,"None",A,0,1,500.0,  6.0, 3.00,"Pass"
2112,1,1,5,46,25,"None",A,0,1,500.0,  6.0, 3.00,"Pass"
2112,1,1,5,46,54,"None",A,1,1,500.0,  6.0, 3.00,"Pass"
2112,1,1,5,47,26,"None",A,0,1,500.0,  6.0, 3.00,"Pass"
2112,1,1,6,12,33,"None",A,0,1,500.0,  6.0, 3.00,"Pass"
2112,1,1,6,24,6,"None",A,0,1,500.0,  6.0, 3.00,"Pass"
2112,1,1,6,24,58,"None",A,0,1,500.0,  6.0, 3.00,"Pass"
2112,1,1,6,36,32,"None",A,0,1,500.0,  6.0, 3.00,"Pass"
2112,1,1,6,37,2,"None",A,0,1,500.0,  6.0, 3.00,"Pass"
2112,1,1,6,42,10,"None",A,0,1,500.0,  6.0, 3.00,"Pass"
2112,1,1,6,42,28,"None",A,1,1,500.0,  6.0, 3.00,"Pass"
2112,1,1,6,42,56,"None",A,1,1,500.0,  6.0, 3.00,"Pass"
2112,1,1,6,43,32,"None",A,0,1,500.0,  6.0, 3.00,"Pass"
2112,1,1,6,45,28,"None",A,0,1,500.0,  6.0, 3.00,"Pass"
2112,1,1,6,53,59,"None",A,0,1,500.0,  6.0, 3.00,"Pass"
2112,1,1,6,54,35,"None",A,1,1,500.0,  6.0, 3.00,"Pass"
2112,1,1,6,55,10,"None",A,1,1,500.0,  6.0, 3.00,"Pass"
2112,1,1,7,1,34,"None",A,1,1,500.0,  6.0, 3.00,"Pass"
2112,1,1,7,2,15,"None",A,0,1,500.0,  6.0, 3.00,"Pass"
2112,1,1,7,2,59,"None",A,0,1,500.0,  6.0, 3.00,"Pass"
2112,1,1,0,0,46,"None",A,0,1,500.0,  6.0, 3.00,"Pass"
2112,1,1,0,3,1,"None",A,2,1,500.0,  6.0, 3.00,"Pass"
2112,1,1,0,3,24,"None",A,1,1,500.0,  6.0, 3.00,"Pass"
2112,1,1,0,5,1,"None",A,0,1,500.0,  6.0, 3.00,"Pass"
2112,1,1,0,5,13,"None",A,2,1,500.0,  6.0, 3.00,"Pass"
2112,1,1,0,5,36,"None",A,0,1,500.0,  6.0, 3.00,"Pass"
2112,1,1,0,6,32,"None",A,0,1,500.0,  6.0, 3.00,"Pass"
2112,1,1,0,6,51,"None",A,0,1,500.0,  6.0, 3.00,"Pass"
2112,1,1,0,20,38,"None",A,1,1,500.0,  6.0, 3.00,"Pass"
2112,1,1,0,30,54,"None",A,1,1,500.0,  6.0, 3.00,"Pass"
2112,1,1,1,27,48,"None",A,1,1,500.0,  6.0, 3.00,"Pass"
2112,1,1,1,35,35,"None",A,2,1,500.0,  6.0, 3.00,"Pass"
2112,1,1,1,37,4,"None",A,2,1,500.0,  6.0, 3.00,"Pass"
2112,1,1,0,0,34,"None",A,1,1,500.0,  6.0, 3.00,"Pass"
2112,1,1,0,3,10,"None",A,1,1,500.0,  6.0, 3.00,"Pass"
2112,1,1,0,3,29,"None",A,0,1,500.0,  6.0, 3.00,"Pass"
2112,1,1,0,5,18,"None",A,0,1,500.0,  6.0, 3.00,"Pass"
2112,1,1,0,39,47,"None",A,0,1,500.0,  6.0, 3.00,"Pass"
2112,1,1,0,42,49,"None",A,0,1,500.0,  6.0, 3.00,"Pass"
2112,1,1,0,43,18,"None",A,1,1,500.0,  6.0, 3.00,"Pass"
2112,1,1,0,56,0,"None",A,1,1,500.0,  6.0, 3.00,"Pass"
2112,1,1,1,0,3,"None",A,0,1,500.0,  6.0, 3.00,"Pass"
2112,1,1,1,2,0,"None",A,0,1,500.0,  6.0, 3.00,"Pass"
2112,1,1,1,7,29,"None",A,0,1,500.0,  6.0, 3.00,"Pass"
2112,1,1,1,23,33,"None",A,5,1,500.0,  6.0, 3.00,"Pass"
2112,1,1,0,0,19,"None",A,0,1,500.0,  6.0, 3.00,"Pass"
2112,1,1,0,1,14,"None",A,0,1,500.0,  6.0, 3.00,"Pass"
2112,1,1,1,20,52,"None",A,0,1,500.0,  6.0, 3.00,"Pass"
2112,1,1,1,21,13,"None",A,0,1,500.0,  6.0, 3.00,"Pass"
2112,1,1,1,48,23,"None",A,2,1,500.0,  6.0, 3.00,"Pass"
2112,1,1,1,58,48,"None",A,2,1,500.0,  6.0, 3.00,"Pass"
2112,1,1,2,11,45,"None",A,2,1,500.0,  6.0, 3.00,"Pass"
2112,1,1,2,37,16,"None",A,2,1,500.0,  6.0, 3.00,"Pass"
2112,1,1,2,40,15,"None",A,2,1,500.0,  6.0, 3.00,"Pass"
2112,1,1,3,49,53,"None",A,2,1,500.0,  6.0, 3.00,"Pass"
2112,1,1,4,5,12,"None",A,2,1,500.0,  6.0, 3.00,"Pass"
2112,1,1,0,0,44,"None",A,0,1,500.0,  6.0, 3.00,"Pass"
2112,1,1,0,7,23,"None",A,0,1,500.0,  6.0, 3.00,"Pass"
2112,1,1,0,9,8,"None",A,0,1,500.0,  6.0, 3.00,"Pass"
2112,1,1,0,9,29,"None",A,0,1,500.0,  6.0, 3.00,"Pass"
2112,1,1,0,9,55,"None",A,0,1,500.0,  6.0, 3.00,"Pass"
2112,1,1,0,16,14,"None",A,0,1,500.0,  6.0, 3.00,"Pass"
2112,1,1,0,0,30,"None",A,0,1,500.0,  6.0, 3.00,"Pass"
2112,1,1,0,26,46,"None",A,0,1,500.0,  6.0, 3.00,"Pass"
2112,1,1,0,27,4,"None",A,0,1,500.0,  6.0, 3.00,"Pass"
2112,1,1,0,27,54,"None",A,0,1,500.0,  6.0, 3.00,"Pass"
2112,1,1,0,40,16,"None",A,0,1,500.0,  6.0, 3.00,"Pass"
2112,1,1,0,0,27,"None",A,0,1,500.0,  6.0, 3.00,"Pass"
2112,1,1,0,16,29,"None",A,0,1,500.0,  6.0, 3.00,"Pass"
2112,1,1,0,20,29,"None",A,0,1,500.0,  6.0, 3.00,"Pass"
2112,1,1,0,30,27,"None",A,1,1,500.0,  6.0, 3.00,"Pass"
2112,1,1,0,30,56,"None",A,0,1,500.0,  6.0, 3.00,"Pass"
2112,1,1,0,38,10,"None",A,0,1,500.0,  6.0, 3.00,"Pass"
2112,1,1,0,38,47,"None",A,0,1,500.0,  6.0, 3.00,"Pass"
2112,1,1,0,46,15,"None",A,0,1,500.0,  6.0, 3.00,"Pass"
2112,1,1,1,52,5,"None",A,0,1,500.0,  6.0, 3.00,"Pass"
2112,1,1,1,52,23,"None",A,0,1,500.0,  6.0, 3.00,"Pass"
2112,1,1,3,9,48,"None",A,0,1,500.0,  6.0, 3.00,"Pass"
2112,1,1,3,10,5,"None",A,1,1,500.0,  6.0, 3.00,"Pass"
2112,1,1,3,10,28,"None",A,2,1,500.0,  6.0, 3.00,"Pass"
2112,1,1,3,10,50,"None",A,0,1,500.0,  6.0, 3.00,"Pass"
2112,1,1,3,22,2,"None",A,2,1,500.0,  6.0, 3.00,"Pass"
2112,1,1,0,0,26,"None",A,0,1,500.0,  6.0, 3.00,"Pass"
2112,1,1,0,3,22,"None",A,0,1,500.0,  6.0, 3.00,"Pass"
2112,1,1,0,4,7,"None",A,1,1,500.0,  6.0, 3.00,"Pass"
2112,1,1,0,4,43,"None",A,2,1,500.0,  6.0, 3.00,"Pass"
2112,1,1,0,5,3,"None",A,2,1,500.0,  6.0, 3.00,"Pass"
2112,1,1,0,13,25,"None",A,2,1,500.0,  6.0, 3.00,"Pass"
2112,1,1,0,13,43,"None",A,0,1,500.0,  6.0, 3.00,"Pass"
2112,1,1,0,15,2,"None",A,1,1,500.0,  6.0, 3.00,"Pass"
2112,1,1,0,15,47,"None",A,1,1,500.0,  6.0, 3.00,"Pass"
2112,1,1,0,16,44,"None",A,1,1,500.0,  6.0, 3.00,"Pass"
2112,1,1,0,18,58,"None",A,1,1,500.0,  6.0, 3.00,"Pass"
2112,1,1,0,19,41,"None",A,1,1,500.0,  6.0, 3.00,"Pass"
2112,1,1,0,20,7,"None",A,2,1,500.0,  6.0, 3.00,"Pass"
2112,1,1,0,35,55,"None",A,0,1,500.0,  6.0, 3.00,"Pass"
2112,1,1,0,36,15,"None",A,0,1,500.0,  6.0, 3.00,"Pass"
2112,1,1,1,7,49,"None",A,0,1,500.0,  6.0, 3.00,"Pass"
2112,1,1,1,13,10,"None",A,0,1,500.0,  6.0, 3.00,"Pass"
2112,1,1,1,13,31,"None",A,0,1,500.0,  6.0, 3.00,"Pass"
2112,1,1,1,14,15,"None",A,0,1,500.0,  6.0, 3.00,"Pass"
2112,1,1,1,17,49,"None",A,0,1,500.0,  6.0, 3.00,"Pass"
2112,1,1,1,18,14,"None",A,1,1,500.0,  6.0, 3.00,"Pass"
2112,1,1,1,18,31,"None",A,0,1,500.0,  6.0, 3.00,"Pass"
2112,1,1,1,18,52,"None",A,0,1,500.0,  6.0, 3.00,"Pass"
2112,1,1,1,19,32,"None",A,0,1,500.0,  6.0, 3.00,"Pass"
2112,1,1,1,19,52,"None",A,1,1,500.0,  6.0, 3.00,"Pass"
2112,1,1,1,22,26,"None",A,1,1,500.0,  6.0, 3.00,"Pass"
2112,1,1,1,22,58,"None",A,1,1,500.0,  6.0, 3.00,"Pass"
2112,1,1,1,23,16,"None",A,3,1,500.0,  6.0, 3.00,"Pass"
2112,1,1,1,24,22,"None",A,0,1,500.0,  6.0, 3.00,"Pass"
2112,1,1,1,25,51,"None",A,0,1,500.0,  6.0, 3.00,"Pass"
2112,1,1,1,28,31,"None",A,0,1,500.0,  6.0, 3.00,"Pass"
2112,1,1,1,33,59,"None",A,0,1,500.0,  6.0, 3.00,"Pass"
2112,1,1,1,34,17,"None",A,1,1,500.0,  6.0, 3.00,"Pass"
2112,1,1,1,34,28,"None",A,2,1,500.0,  6.0, 3.00,"Pass"
2112,1,1,1,34,44,"None",A,0,1,500.0,  6.0, 3.00,"Pass"
2112,1,1,2,4,25,"None",A,0,1,500.0,  6.0, 3.00,"Pass"
2112,1,1,2,18,0,"None",A,0,1,500.0,  6.0, 3.00,"Pass"
2112,1,1,2,21,48,"None",A,0,1,500.0,  6.0, 3.00,"Pass"
2112,1,1,2,26,33,"None",A,0,1,500.0,  6.0, 3.00,"Pass"
2112,1,1,2,27,16,"None",A,2,1,500.0,  6.0, 3.00,"Pass"
2112,1,1,2,28,7,"None",A,1,1,500.0,  6.0, 3.00,"Pass"
2112,1,1,2,28,47,"None",A,0,1,500.0,  6.0, 3.00,"Pass"
2112,1,1,2,29,22,"None",A,0,1,500.0,  6.0, 3.00,"Pass"
2112,1,1,2,30,14,"None",A,0,1,500.0,  6.0, 3.00,"Pass"
2112,1,1,2,30,58,"None",A,0,1,500.0,  6.0, 3.00,"Pass"
2112,1,1,2,40,7,"None",A,0,1,500.0,  6.0, 3.00,"Pass"
2112,1,1,2,40,31,"None",A,1,1,500.0,  6.0, 3.00,"Pass"
2112,1,1,2,42,42,"None",A,1,1,500.0,  6.0, 3.00,"Pass"
2112,1,1,2,48,46,"None",A,1,1,500.0,  6.0, 3.00,"Pass"
2112,1,1,3,5,0,"None",A,1,1,500.0,  6.0, 3.00,"Pass"
2112,1,1,3,6,5,"None",A,1,1,500.0,  6.0, 3.00,"Pass"
2112,1,1,3,13,52,"None",A,1,1,500.0,  6.0, 3.00,"Pass"
2112,1,1,3,26,51,"None",A,1,1,500.0,  6.0, 3.00,"Pass"
2112,1,1,20,11,32,"None",A,2,1,500.0,  6.0, 3.00,"Pass"
2112,1,1,0,0,20,"None",A,1,1,500.0,  6.0, 3.00,"Pass"
2112,1,1,0,0,28,"None",A,0,1,500.0,  6.0, 3.00,"Pass"
2112,1,1,0,8,13,"None",A,0,1,500.0,  6.0, 3.00,"Pass"
2112,1,1,0,12,29,"None",A,0,1,500.0,  6.0, 3.00,"Pass"
2112,1,1,0,13,2,"None",A,1,1,500.0,  6.0, 3.00,"Pass"
2112,1,1,0,14,42,"None",A,0,1,500.0,  6.0, 3.00,"Pass"
2112,1,1,0,25,54,"None",A,0,1,500.0,  6.0, 3.00,"Pass"
2112,1,1,0,27,51,"None",A,0,1,500.0,  6.0, 3.00,"Pass"
2112,1,1,0,28,7,"None",A,0,1,500.0,  6.0, 3.00,"Pass"
2112,1,1,0,28,26,"None",A,9,1,500.0,  6.0, 3.00,"Pass"
2112,1,1,0,28,55,"None",A,6,4,500.0,  0.0, 0.00,"Fail - Test Pres Low"
2112,1,1,0,37,5,"None",A,0,1,500.0,  6.0, 3.00,"Pass"
2112,1,1,0,37,47,"None",A,1,1,500.0,  6.0, 3.00,"Pass"
2112,1,1,0,45,1,"None",A,0,1,500.0,  6.0, 3.00,"Pass"
2112,1,1,0,47,12,"None",A,0,1,500.0,  6.0, 3.00,"Pass"
2112,1,1,0,47,34,"None",A,1,1,500.0,  6.0, 3.00,"Pass"
2112,1,1,0,48,9,"None",A,6,4,500.0,  0.0, 0.00,"Fail - Test Pres Low"
2112,1,1,0,48,27,"None",A,0,1,500.0,  6.0, 3.00,"Pass"
2112,1,1,0,48,56,"None",A,0,1,500.0,  6.0, 3.00,"Pass"
2112,1,1,0,49,25,"None",A,1,1,500.0,  6.0, 3.00,"Pass"
2112,1,1,1,2,17,"None",A,1,1,500.0,  6.0, 3.00,"Pass"
2112,1,1,1,7,1,"None",A,0,1,500.0,  6.0, 3.00,"Pass"
2112,1,1,2,22,29,"None",A,0,1,500.0,  6.0, 3.00,"Pass"
2112,1,1,2,22,59,"None",A,0,1,500.0,  6.0, 3.00,"Pass"
2112,1,1,2,27,41,"None",A,0,1,500.0,  6.0, 3.00,"Pass"
2112,1,1,2,28,36,"None",A,0,1,500.0,  6.0, 3.00,"Pass"
2112,1,1,2,29,55,"None",A,0,1,500.0,  6.0, 3.00,"Pass"
2112,1,1,2,30,45,"None",A,0,1,500.0,  6.0, 3.00,"Pass"
2112,1,1,2,31,24,"None",A,0,1,500.0,  6.0, 3.00,"Pass"
2112,1,1,2,34,12,"None",A,0,1,500.0,  6.0, 3.00,"Pass"
2112,1,1,2,35,15,"None",A,0,1,500.0,  6.0, 3.00,"Pass"
2112,1,1,2,58,0,"None",A,1,1,500.0,  6.0, 3.00,"Pass"
2112,1,1,5,0,39,"None",A,2,1,500.0,  6.0, 3.00,"Pass"
2112,1,1,21,36,19,"None",A,2,1,500.0,  6.0, 3.00,"Pass"
2112,1,1,22,10,3,"None",A,0,1,500.0,  6.0, 3.00,"Pass"
2112,1,1,23,32,56,"None",A,0,1,500.0,  6.0, 3.00,"Pass"
2112,1,1,23,33,19,"None",A,0,1,500.0,  6.0, 3.00,"Pass"
2112,1,1,23,40,34,"None",A,0,1,500.0,  6.0, 3.00,"Pass"
2112,1,1,23,48,1,"None",A,0,1,500.0,  6.0, 3.00,"Pass"
2112,1,1,23,51,22,"None",A,1,1,500.0,  6.0, 3.00,"Pass"
2112,1,1,20,33,37,"None",A,0,1,500.0,  6.0, 3.00,"Pass"
2112,1,1,20,34,1,"None",A,0,1,500.0,  6.0, 3.00,"Pass"
2112,1,1,20,34,17,"None",A,0,1,500.0,  6.0, 3.00,"Pass"
2112,1,1,20,46,11,"None",A,0,1,500.0,  6.0, 3.00,"Pass"
2112,1,1,21,0,54,"None",A,0,1,500.0,  6.0, 3.00,"Pass"
2112,1,1,21,1,20,"None",A,0,1,500.0,  6.0, 3.00,"Pass"
2112,1,1,0,0,35,"None",A,1,1,500.0,  6.0, 3.00,"Pass"
2112,1,1,0,0,57,"None",A,1,1,500.0,  6.0, 3.00,"Pass"
2112,1,1,0,2,28,"None",A,1,1,500.0,  6.0, 3.00,"Pass"
2112,1,1,0,3,28,"None",A,1,1,500.0,  6.0, 3.00,"Pass"
2112,1,1,0,4,51,"None",A,1,1,500.0,  6.0, 3.00,"Pass"
2112,1,1,0,8,48,"None",A,1,1,500.0,  6.0, 3.00,"Pass"
2112,1,1,0,9,15,"None",A,0,4,500.0,  0.0, 0.00,"Fail - Test Pres Low"
2112,1,1,0,10,21,"None",A,0,4,500.0,  0.0, 0.00,"Fail - Test Pres Low"
2112,1,1,0,0,40,"None",A,0,4,500.0,  0.0, 0.00,"Fail - Test Pres Low"
2112,1,1,0,1,8,"None",A,3,1,500.0,  6.0, 3.00,"Pass"
2112,1,1,0,1,29,"None",A,4,1,500.0,  6.0, 3.00,"Pass"
2112,1,1,0,1,56,"None",A,4,1,500.0,  6.0, 3.00,"Pass"
2112,1,1,0,2,19,"None",A,4,1,500.0,  6.0, 3.00,"Pass"
2112,1,1,0,2,43,"None",A,1,1,500.0,  6.0, 3.00,"Pass"
2112,1,1,0,3,14,"None",A,5,1,500.0,  6.0, 3.00,"Pass"
2112,1,1,0,4,43,"None",A,0,4,500.0,  0.0, 0.00,"Fail - Test Pres Low"
2112,1,1,0,7,13,"None",A,1,1,500.0,  6.0, 3.00,"Pass"
2112,1,1,0,7,41,"None",A,2,1,500.0,  6.0, 3.00,"Pass"
2112,1,1,0,8,6,"None",A,3,1,500.0,  6.0, 3.00,"Pass"
2112,1,1,0,8,27,"None",A,0,4,500.0,  0.0, 0.00,"Fail - Test Pres Low"
2112,1,1,0,9,5,"None",A,0,4,500.0,  0.0, 0.00,"Fail - Test Pres Low"
2112,1,1,0,9,27,"None",A,0,4,500.0,  0.0, 0.00,"Fail - Test Pres Low"
2112,1,1,0,9,42,"None",A,0,4,500.0,  0.0, 0.00,"Fail - Test Pres Low"
2112,1,1,0,9,59,"None",A,0,4,500.0,  0.0, 0.00,"Fail - Test Pres Low"
2112,1,1,0,10,11,"None",A,1,1,500.0,  6.0, 3.00,"Pass"
2112,1,1,0,11,56,"None",A,5,1,500.0,  6.0, 3.00,"Pass"
2112,1,1,0,13,14,"None",A,2,1,500.0,  6.0, 3.00,"Pass"
2112,1,1,0,13,32,"None",A,2,1,500.0,  6.0, 3.00,"Pass"
2112,1,1,0,13,51,"None",A,1,1,500.0,  6.0, 3.00,"Pass"
2112,1,1,0,14,32,"None",A,0,4,500.0,  0.0, 0.00,"Fail - Test Pres Low"
2112,1,1,0,15,29,"None",A,3,1,500.0,  6.0, 3.00,"Pass"
2112,1,1,0,16,11,"None",A,3,1,500.0,  6.0, 3.00,"Pass"
2112,1,1,0,16,30,"None",A,3,1,500.0,  6.0, 3.00,"Pass"
2112,1,1,0,16,44,"None",A,3,1,500.0,  6.0, 3.00,"Pass"
2112,1,1,0,17,8,"None",A,3,1,500.0,  6.0, 3.00,"Pass"
2112,1,1,0,18,10,"None",A,3,1,500.0,  6.0, 3.00,"Pass"
2112,1,1,0,19,14,"None",A,1,1,500.0,  6.0, 3.00,"Pass"
2112,1,1,0,21,29,"None",A,3,1,500.0,  6.0, 3.00,"Pass"
2112,1,1,0,22,0,"None",A,3,1,500.0,  6.0, 3.00,"Pass"
2112,1,1,0,22,53,"None",A,0,4,500.0,  0.0, 0.00,"Fail - Test Pres Low"
2112,1,1,0,23,21,"None",A,3,1,500.0,  6.0, 3.00,"Pass"
2112,1,1,0,55,37,"None",A,1,1,500.0,  6.0, 3.00,"Pass"
2112,1,1,0,55,58,"None",A,1,1,500.0,  6.0, 3.00,"Pass"
2112,1,1,0,56,18,"None",A,1,1,500.0,  6.0, 3.00,"Pass"
2112,1,1,0,57,6,"None",A,1,1,500.0,  6.0, 3.00,"Pass"
2112,1,1,0,57,21,"None",A,1,1,500.0,  6.0, 3.00,"Pass"
2112,1,1,0,57,50,"None",A,0,4,500.0,  0.0, 0.00,"Fail - Test Pres Low"
2112,1,1,0,59,4,"None",A,0,4,500.0,  0.0, 0.00,"Fail - Test Pres Low"
